,Watch,MRP
0,CHIWAY ID-116 Plus Bluetooth Smart Fitness Watch with Active Heart Rate Activity Smartwatch,₹490
1,Noise ColorFit Qube SpO2 Charcoal Black Smartwatch,"₹1,999"
2,"boAt Storm 1.3"" CurvedDisplay Smartwatch","₹2,799"
3,"boAt Storm 1.3"" CurvedDisplay Smartwatch","₹2,799"
4,"boAt Storm 1.3"" CurvedDisplay Smartwatch","₹2,799"
5,"boAt Storm 1.3"" CurvedDisplay Smartwatch","₹2,799"
6,"boAt Storm 1.3"" CurvedDisplay Smartwatch","₹2,799"
7,"boAt Storm 1.3"" CurvedDisplay Smartwatch","₹2,799"
8,Bymaya ID116 Bluetooth Smartwatch Wireless Smartwatch,₹490
9,Noise ColorFit Brio Smartwatch,"₹2,999"
10,mizco DZ09 Black 4G Smartwatch,₹869
11,Noise ColorFit Qube SpO2 Beige Gold Smartwatch,"₹1,999"
12,Noise ColorFit Pro 2 Smartwatch,"₹2,799"
13,DIZO Watch 2 (by realme TechLife),"₹2,699"
14,DIZO Watch 2 (by realme TechLife),"₹2,699"
15,DIZO Watch 2 (by realme TechLife),"₹2,699"
16,DIZO Watch 2 (by realme TechLife),"₹2,999"
17,DIZO Watch 2 (by realme TechLife),"₹2,699"
18,Earboss ID116 LED screen for Men/Women/Kids fitness waterproof Smartwatch,₹499
19,DARKFIT ID-116 Plus Bluetooth Smart Fitness Band Watch with Heart Rate Activity Tracker Smartwatch,₹495
20,GIONEE Stylfit GSW10 Smartwatch,"₹1,899"
21,GIONEE Stylfit GSW10 Smartwatch,"₹1,899"
22,GIONEE Stylfit GSW10 Smartwatch,"₹1,899"
23,Fitpro T55 Smartwatch,₹975
24,Fire-Boltt Ninja Pro Max Smartwatch,"₹2,299"
25,realme Watch 2,"₹3,199"
26,realme Watch 2 Smartwatch,"₹3,199"
27,Noise ColorFit Brio Smartwatch,"₹2,999"
28,Noise ColorFit Pro 3 Smartwatch,"₹3,999"
29,Noise ColorFit Pro 2 Smartwatch,"₹2,799"
30,Realme Watch 2 Pro,"₹4,699"
31,Realme Watch 2 Pro,"₹4,699"
32,Rich Club Notifer Health And Sim Card Supported Smartwatch,₹999
33,Noise ColorFit Brio Smartwatch,"₹2,999"
34,Fire-Boltt Talk Bluetooth Calling Smartwatch,"₹3,499"
35,Noise ColorFit Pro 3 Smartwatch,"₹3,999"
36,realme Watch S Smartwatch,"₹4,999"
37,realme Watch S,"₹4,999"
38,Fire-Boltt Mercury Smartwatch,"₹2,299"
39,Noise ColorFit Pro 2 Smartwatch,"₹2,799"
40,Noise ColorFit Caliber Smartwatch,"₹2,699"
41,Redmi GPS Watch,"₹3,999"
42,Noise ColorFit Caliber Smartwatch,"₹2,699"
43,Redmi GPS Watch,"₹3,999"
44,realme Watch S Smartwatch,"₹5,699"
45,Redmi GPS Watch,"₹3,999"
46,Fire-Boltt Ninja Pro Max Smartwatch,"₹2,299"
47,Noise ColorFit Pro 3 Smartwatch,"₹3,999"
48,Fire-Boltt Ninja Pro Max Smartwatch,"₹2,299"
49,CORBITAL IMPEX Square Dial Led Lights Digital Watch Smartwatch,₹170
50,Fire-Boltt Ninja Pro Max Smartwatch,"₹2,299"
51,Fire-Boltt Ninja Pro Max Smartwatch,"₹2,299"
52,Noise ColorFit Caliber Smartwatch,"₹2,699"
53,JOCOBOO ID116 Smartwatch,₹460
54,Fire-Boltt Ninja touch to Wake SpO2 Smartwatch,"₹1,899"
55,Fire-Boltt Ninja touch to Wake SpO2 Smartwatch,"₹1,899"
56,Fitpro ID116 Plus Bluetooth Fitness Smart Watch Smartwatch,₹449
57,Nikroad best indian boys and Girl Bluetooth Smartwatch,₹559
58,"Fire-Boltt Almighty, BT Calling, Voice Assistant Smartwatch","₹4,999"
59,Atina D13 Heart Rate Blood Pressure Monito Smartwatch,₹493
60,AMAZICA Digital Wrist Watch For Boy And Men Smartwatch,₹199
61,Setster Sport Smart Watch Fitness Tracker Intelligent Bracelet Id 116 plus Smartwatch,₹499
62,Mytrack Talk Bluetooth Calling Smartwatch,"₹3,495"
63,huami Amazfit GTS AMOLED Smartwatch,"₹5,499"
64,huami Amazfit GTS Smartwatch,"₹5,999"
65,huami Amazfit GTS Smartwatch,"₹5,499"
66,huami Amazfit GTS AMOLED Smartwatch,"₹5,999"
67,DIZO Watch Pro (by realme TechLife),"₹3,799"
68,DIZO Watch Pro (by realme TechLife),"₹3,799"
69,YOMAGIC T500 PLUS PRO BT CALLING FUNCTION Smartwatch,"₹1,069"
70,GIONEE Watch 5 Smartwatch,"₹1,799"
71,huami Amazfit Bip U Smartwatch,"₹3,499"
72,huami Amazfit Bip U Smartwatch,"₹3,499"
73,huami Amazfit Bip U Smartwatch,"₹3,499"
74,JOCOBOO -GD phone Smartwatch,₹799
75,Fire-Boltt Ultron AMOLED 390 x 390 Ultra-Wide Smartwatch,"₹3,999"
76,CYXUS 4G Camera and Sim Card Support Watch Smartwatch,₹893
77,AYANSHENTRPRISE ID116 Smartwatch,₹489
78,"Goqii Smart Vital Lite 1.4"" HD Full Touch Display SpO2 HR 3 Month Health Coach Smartwatch","₹1,999"
79,Noise ColorFit Pro 3 Smartwatch,"₹3,999"
80,Fire-Boltt Talk Bluetooth Calling Smartwatch,"₹3,499"
81,Fire-Boltt Talk Bluetooth Calling Smartwatch,"₹3,499"
82,Fire-Boltt Talk Bluetooth Calling Smartwatch,"₹3,499"
83,Fire-Boltt Talk Bluetooth Calling Smartwatch,"₹3,499"
84,Fire-Boltt Talk Bluetooth Calling Smartwatch,"₹3,499"
85,Fire-Boltt Mercury Smartwatch,"₹2,299"
86,Fire-Boltt Mercury Smartwatch,"₹2,299"
87,Fire-Boltt Mercury Smartwatch,"₹2,299"
88,Noise Fit Active SpO2 Smartwatch,"₹3,999"
89,SAMSUNG Galaxy Watch Active 2 Aluminium LTE Smartwatch,"₹16,990"
90,ZEBRONICS ZEB-FIT8220CH Smartwatch,"₹1,999"
91,huami Amazfit T-Rex Smartwatch,"₹5,999"
92,MindsArt Bluetooth calling 4G pedometer notifier Smartwatch,₹992
93,huami Amazfit T-Rex Smartwatch,"₹5,999"
94,huami Amazfit T-Rex Smartwatch,"₹5,999"
95,huami Amazfit T-Rex Smartwatch,"₹5,999"
96,huami Amazfit T-Rex Smartwatch,"₹5,999"
97,SAMSUNG Galaxy Watch 3 41 mm Smartwatch,"₹13,990"
98,mizco DZ09 GOLDEN Smartwatch,₹869
99,THE MOBILE POINT Bluetooth Fitness Smart Watch Smartwatch,₹549
100,Fire-Boltt Ninja Pro Full Metal SpO2 Smartwatch,"₹2,849"
101,Cyxus 4G A1 Silver 4G Calling Android Smartwatch,₹996
102,Fitpro T55 Smartwatch,₹890
103,SAMSUNG Galaxy Watch Active 2 Aluminium Smartwatch,"₹14,990"
104,Honor Magic Watch 2 (46mm) Smartwatch,"₹11,999"
105,Abois ID116 Smartwatch,₹600
106,SMART 4G Calling mobile 4G watch with bluetooth Smartwatch,₹990
107,Cyxus 4G ANDROID T500/T500+ 5TH SERIES WATCH Smartwatch,₹990
108,Fitpro D13 PRO FITNESS ANF HEALTH BRECLATE FREE SIZE BLACK COLOUR Smartwatch,₹549
109,CHIWAY T55 Series 6 Smart Watch Enabled with Bluetooth Calling and Fitness Tracker Smartwatch,₹855
110,Mate Android 4G watch for Lenovo Mobiles Smartwatch,₹889
111,Fire-Boltt Ninja touch to Wake SpO2 Smartwatch,"₹1,899"
112,LHMED ID-116 Plus Smartwatch,₹488
113,Noise Evolve 2 AMOLED with 42mm Dial Size Smartwatch,"₹3,999"
114,"Rock DZ09 Black Android, 4G calling Smartwatch",₹869
115,JOCOBOO ID116 Smartwatch,₹460
116,Fire-Boltt Ninja Call 2 (1.7 inch) Bluetooth Calling with 27 Sports Modes Smartwatch,"₹2,999"
117,Fire-Boltt Ninja Pro Max Smartwatch,"₹1,899"
118,Fire-Boltt Ninja Pro Max Smartwatch,"₹1,899"
119,DWH W26 + series 6 for Android and IOS Smartwatch,"₹1,590"
120,CYXUS 4G Camera and Sim Card Support watch Smartwatch,₹898
121,Noise ColorFit Pro 2 Smartwatch,"₹2,799"
122,R&P ENTERRISES ID116 Smartwatch,₹440
123,Pinglo A1 phone Smartwatch,₹889
124,"Rock DZ09 Black Android, 4G calling Smartwatch",₹869
125,Pinglo A1 phone Smartwatch,₹889
126,Amazfit Bip U Pro Smartwatch,"₹4,999"
127,Amazfit Bip U Pro Smartwatch,"₹4,999"
128,Fire-Boltt SpO2 Full Touch Smartwatch,"₹2,499"
129,Fire-Boltt Ultron AMOLED 390 x 390 Ultra-Wide Smartwatch,"₹3,999"
130,Fire-Boltt Ultron AMOLED 390 x 390 Ultra-Wide Smartwatch,"₹3,999"
131,Fire-Boltt Ultron AMOLED 390 x 390 Ultra-Wide Smartwatch,"₹3,999"
132,Amazfit T Rex Smartwatch,"₹6,499"
133,"iSmart Tech T55 Smart Watch With Extra Strap, Waterproof, Smart Calling Smartwatch",₹955
134,"Fire-Boltt Almighty, BT Calling, Voice Assistant Smartwatch","₹4,999"
135,GIONEE Watch 5 Smartwatch,"₹1,799"
136,GIONEE Watch 5 Smartwatch,"₹1,799"
137,GUGGU VPA_300B ID115 Smart Band Smartwatch,₹499
138,Noise ColorFit Pro 2 Smartwatch,"₹2,899"
139,ZEBRONICS Zeb-Fit4220CH Smartwatch,"₹3,299"
140,ZEBRONICS Zeb-Fit4220CH Smartwatch,"₹3,299"
141,Bygaura ID116 new Smart Watch Smartwatch,₹600
142,Fire-Boltt Ninja Pro Full Metal SpO2 Smartwatch,"₹1,999"
143,Fire-Boltt Ninja Pro Full Metal SpO2 Smartwatch,"₹1,999"
144,Fire-Boltt Ninja Pro Full Metal SpO2 Smartwatch,"₹1,999"
145,Fire-Boltt Ninja Pro Full Metal SpO2 Smartwatch,"₹1,999"
146,CYXUS MOBILE WATCH FOR OP.PO/VIVO MOBILES Smartwatch,₹889
147,SAMSUNG Galaxy Watch Active 2 Aluminium Smartwatch,"₹14,990"
148,Stealodeal T55+Smart Watch Smartwatch,"₹1,749"
149,DME T500 Smart watch Smartwatch,"₹1,085"
150,AYANSHENTRPRISE ID116 Smartwatch,₹499
151,ZEBRONICS ZEB-FIT8220CH Smartwatch,"₹1,999"
152,ZEBRONICS ZEB-FIT8220CH Smartwatch,"₹1,999"
153,ZEBRONICS ZEB-FIT8220CH Smartwatch,"₹1,999"
154,Syska SW200 Smartwatch,"₹2,999"
155,Syska SW200 Smartwatch,"₹2,999"
156,SAMSUNG Galaxy Watch Active 2 Aluminium LTE Smartwatch,"₹16,990"
157,Nowme W26 Plus Smart Watch with Scroll working and Dual button Smartwatch,"₹1,614"
158,Noise Evolve 2 AMOLED with 42mm Dial Size Smartwatch,"₹3,999"
159,Varietex D116 Smartwatch Smartwatch,₹600
160,Bymaya ID116plus bluetooth smart wristband Smartwatch,₹492
161,Noise ColorFit Pro 3 Smartwatch,"₹3,913"
162,"boAt Storm 1.3"" CaptainAmericaEdition Smartwatch","₹3,499"
163,Maxima Max Pro X6 Smartwatch,"₹3,999"
164,"boAt Storm 1.3"" IronManEdition Smartwatch","₹3,499"
165,Noise ColorFit Pro 2 Oxy Smartwatch,"₹2,999"
166,Fire-Boltt Mercury Smartwatch,"₹2,299"
167,"boAt Watch Mercury 1.54"" TFTDisplay Smartwatch","₹2,499"
168,"boAt Watch Mercury 1.54"" TFTDisplay Smartwatch","₹2,499"
169,"boAt Watch Mercury 1.54"" TFTDisplay Smartwatch","₹2,499"
170,huami Amazfit GTS 2e Smartwatch,"₹9,999"
171,huami Amazfit GTS 2e Smartwatch,"₹9,999"
172,huami Amazfit GTS 2e Smartwatch,"₹9,999"
173,"CHIWAY 119 A8 2022 SMART WATCH EDITION Steps Counter, Calorie Counter Smartwatch",₹741
174,Gazzet 4G 4G Camera and Sim Card Support watch Smartwatch,₹998
175,lock deal Fit pro t55 Smartwatch,₹995
176,N-WATCH 4G ANDROID BLUETOOTH CALLING SIM WATCH Smartwatch,₹990
177,GIONEE STYLEFIT ALPHA 5 ROSE PINK Smartwatch,"₹2,999"
178,"boAt Watch Iris 1.39"" AMOLEDDisplay Smartwatch","₹4,499"
179,PA Maxima Max Pro X6 Calling with Speaker and Mic Smartwatch,"₹3,999"
180,Abois ID116 Smartwatch,₹499
181,M A N D A V I Y A LED-SQ Watch - For Boys & Girls Smartwatch,₹199
182,mizco DZ09 4G SMW2K15 Smartwatch,₹829
183,Amazfit Bip U Pro Smartwatch,"₹4,999"
184,Fire-Boltt SpO2 Full Touch Smartwatch,"₹2,499"
185,Fire-Boltt SpO2 Full Touch Smartwatch,"₹2,499"
186,Fire-Boltt SpO2 Full Touch Smartwatch,"₹2,499"
187,LOIS CARON SW-011 TECHNOZPRO WITH CALLING UNISEX Smartwatch,"₹2,999"
188,Lastpoint android camera calling mobile4G bluetooth watch Smartwatch,₹889
189,Huawei Watch GT 2 (46 mm) Smartwatch,"₹12,490"
190,Pebble Cosmos Pro Smartwatch,"₹3,904"
191,MindsArt 4G BlueTooth VI_VO Android & IOS Watch Smartwatch,₹995
192,Pebble Cosmos Pro Smartwatch,"₹3,904"
193,MindsArt 4G BlueTooth VI_VO Android & IOS Watch Smartwatch,₹995
194,"high waves i7 Pro Max Series7 SmartWatch Smartwatch (Black Strap, XL) Smartwatch","₹1,499"
195,Cyxus 4G CALLING BLUETOOTH MOBILE WATCH Smartwatch,₹990
196,Stybits Stylish multifunctional m4 fit band Smartwatch,₹500
197,Designbase Smart Watch Man/Woman/Kids Camas with Calculate Smartwatch,₹799
198,APPLE Watch Series 3 GPS - MTEY2HN/A 38 mm Silver Aluminium Case with Fog Sport Band,"₹19,900"
199,"Fire-Boltt AI 1.7 inch BT Calling, Voice Assistant Smartwatch","₹4,499"
200,"Fire-Boltt AI 1.7 inch BT Calling, Voice Assistant Smartwatch","₹4,499"
201,Pebble Cosmos Pro Smartwatch,"₹3,607"
202,APPLE Watch Series 3 GPS - MTF32HN/A 42 mm Space Grey Aluminium Case with Black Sport Band,"₹22,900"
203,Faawn Bluetooth Fitness Tracker Smart Watches Smartwatch,"₹1,139"
204,MindsArt Android smart 4G watch for VI.VO mobile Smartwatch,₹990
205,Noise Evolve 2 AMOLED with 42mm Dial Size Smartwatch,"₹3,999"
206,Atina DZ09 phone Smartwatch,₹869
207,Novax DIVAA STORE T500 BLACK ANDROID 4G BLUETOOTH CALLING SMART WATCH(Black StrapFREE) Smartwatch,₹939
208,Fitpro id 116 smartwatch Smartwatch,₹549
209,"DEFY Space 1.69"" HD Display Smartwatch","₹1,999"
210,"DEFY Space 1.69"" HD Display Smartwatch","₹1,999"
211,FITBIT Versa 2 Smartwatch,"₹12,999"
212,SMART 4G Smart Calling Android Watch for VI.VO Smartwatch,₹990
213,ELECTROHUBZEE i7 ProMax Smart Watch 7 Smartwatch,"₹1,199"
214,JOCOBOO ID116 Smartwatch,₹470
215,Nehnovit M4 Smart Watch Smartwatch,₹449
216,E-LIVE DZ09 Black 4g calling health notifier Smartwatch,₹839
217,SMART 4G Smart Calling Android Watch for VI.VO Smartwatch,₹990
218,JOCOBOO ID116 Smartwatch,₹490
219,CYXUS Calling mobile 4G watch with bluetooth Smartwatch,₹994
220,MindsArt VI.VO-4G BlueTooth SmartWatch With Sim Supports Smartwatch,₹995
221,Mate Android 4G watch for Lenovo Mobiles Smartwatch,₹889
222,NKK TRADERS LED-SQ Digital Watch-For Boys & Girls Smartwatch,₹229
223,Fire-Boltt Max 1.78 inch AMOLED Smartwatch,"₹12,569"
224,Atina DZ09 phone Smartwatch,₹849
225,Pebble Cosmos Smartwatch,"₹3,999"
226,M-Technologies SMART WATCH Smartwatch,"₹1,199"
227,SYARA ZEK_402T_Y1 Smart Watch Smartwatch,₹999
228,APPLE Watch Series 3 MTF22HN/A 42 mm Silver Aluminum White Sport Band (GPS),"₹22,900"
229,DIVY ENTERPRISE Dial Led Watch Digital(PACK OF 2) Smartwatch,₹229
230,M A N D A V I Y A LED-SQ Digital Watch - For Boys & Girls Smartwatch,₹161
231,ZEBRONICS Zeb-Fit4220CH Smartwatch,"₹3,299"
232,THE MOBILE POINT T55+ Bluetooth Calling/Activity Tracker Smartwatch,"₹1,804"
233,Pebble Pace Smartwatch,"₹2,999"
234,Gazzet 4G A1 Black for android mobile Smartwatch,₹894
235,"boAt Vertex 1.69"" HealthEcosystem Smartwatch","₹2,499"
236,"boAt Vertex 1.69"" HealthEcosystem Smartwatch","₹2,499"
237,CREATION4U DZ09-427 phone Smartwatch,₹839
238,lock deal t-55 Intelligence Bluetooth Wrist Smart Watch/Health Bracelet Smartwatch,₹979
239,TECHEL A1 Mobile Android Watch 4G with Camera Smartwatch,₹999
240,"boAt Vertex 1.69"" HealthEcosystem Smartwatch","₹2,499"
241,"boAt Vertex 1.69"" HealthEcosystem Smartwatch","₹2,499"
242,THE MOBILE POINT T55+ Bluetooth Calling/Activity Tracker Smartwatch,"₹1,804"
243,HIFY Phone Camera Bluetooth Smartwatch,"₹1,099"
244,JYSHVI ENTERPRISES 116 Smart Watch Fitness Band Smartwatch,₹465
245,MLN T500+ PLUS PRO BT Calling Function Smartwatch,"₹1,899"
246,N-WATCH 4G ANDROID 4G CALLING BLUETOOTH WATCH Smartwatch,₹990
247,Stybits M4 band waterproof and dustproof Smartwatch,₹459
248,Molife Sense 500 1.7 Inch BT Calling Smartwatch,"₹3,499"
249,MLN T500+ Plus Pro Series 6 Calling Function Smartwatch,"₹1,899"
250,MindsArt 4G Touchscreen watch for XIAO.MI Mobile Smartwatch,₹990
251,UnikFit 116 Plus 2022 Smartwatch,₹545
252,Wescon Full Touch Men Women Fitness Tracker Smartwatch,₹599
253,Gedlly Calling4G android watch for op.po Mobile Smartwatch,₹990
254,Click Trick Bluetooth Fitness Smart Watch Smartwatch,₹482
255,Longan A1 Smart Watch - 4G/SIM/Memory Card/Camera/Video Calling/Voice Calling Support Smartwatch,₹999
256,ETIMES T55 Series Smartwatch,"₹1,070"
257,"APPLE Watch Series 7 GPS + Cellular, MKJP3HN/A 45 mm Aluminium Case","₹53,900"
258,Designbase A8 Black Fitness Smart Watch/Activity Tracker/Fitness Band with Colored Display Smartwatch,₹999
259,"Zrose DZ09 4G Calling, Bluetooth Smartwatch",₹796
260,AVIKA DZ09 Sim Card Supported Smartwatch,₹899
261,"boAt Vertex 1.69"" HealthEcosystem Smartwatch","₹2,499"
262,Gazzet 4G ANDROID 4G CALLING MOBILE PEDOMETER Smartwatch,₹924
263,"boAt Vertex 1.69"" HealthEcosystem Smartwatch","₹2,499"
264,Attrrix ID116 Smartwatch,₹433
265,gazzet M.I Android 4G Smart Watch With Bluetooth Connections Smartwatch,₹995
266,DARKFIT ID116 Plus Smart Screen Tracker Fitness Heart Rate BP Monitor Smartwatch,₹600
267,huami Amazfit GTR 2 Aluminum Alloy Smartwatch,"₹12,999"
268,APPLE Apple Watch SE MYDR2HN/A 44 mm Gold Aluminium Case with Pink Sand Sport Band,"₹32,900"
269,Designbase Smart Watch Man/Woman/Kids Camas with Calculate Smartwatch,₹799
270,"Fitpro ID116 Plus (1.3"" Inch) Bluetooth Smart Fitness Band Watch with Heart Smartwatch",₹599
271,SMART 4G 4G Camera and Sim Card Support watch Smartwatch,₹990
272,APPLE Watch Series 7 GPS MKN53HN/A 45 mm Aluminium Case,"₹44,900"
273,MLN T500 Series 6 Bluetooth Calling Function Smartwatch,"₹1,099"
274,TECHEL ID116 Fitness Band Tracker Watch with Activity Tracker Color Display 1.3 RT62 Smartwatch,₹499
275,Stybits m4 smart fitness bracelet for girls Smartwatch,₹500
276,Pebble Cosmos Pro Smartwatch,"₹3,607"
277,STROMBUCKS Z-004 4g calling black Smartwatch,₹896
278,N-WATCH 4G T-500 BLACK NOTIFIER PEDOMETER WATCH Smartwatch,₹998
279,SYARA VNM_420XV8 Smart Watch Smartwatch,"₹1,199"
280,FITBIT Sense Smartwatch,"₹21,499"
281,Fitpro T55 Bluetooth Smartwatch,₹975
282,"boAt Watch Iris 1.39"" AMOLEDDisplay Smartwatch","₹4,499"
283,"boAt Watch Iris 1.39"" AMOLEDDisplay Smartwatch","₹4,499"
284,gazzet Android Calling Mobile 4G smart watches Smartwatch,₹898
285,ELECTROHUBZEE T-55 SMART WATCH Smartwatch,₹799
286,SMART 4G ANDROID CALLING BLUETOOTH WATCH PHONE Smartwatch,₹990
287,Fitpro T55 Smartwatch,₹997
288,CYXUS 4G Camera and Sim Card Support watch Smartwatch,₹990
289,Fitpro T55 Smartwatch,₹997
290,TAVA M4 fitness Band Smartwatch,₹499
291,"CrossBeats IGNITE PRO- SpO2, Multiple tracking Smartwatch","₹2,799"
292,Fitpro T55 Plus SmartWatch Smartwatch,"₹1,690"
293,SMART 4G 4G Camera and Sim Card Support watch Smartwatch,₹990
294,OFFENDER DZ09 phone Smartwatch,₹869
295,AVIKA Smart Watch Smartwatch,₹999
296,CHG QTX Bluetoth Wireless Smart Watch Smartwatch,₹599
297,MECKWELL Digital smartwatch dz Smartwatch,₹899
298,"Goqii Smart Vital 1.3"" SpO2, Body Temperature, BP & HR with 3 Month Personal Care Smartwatch","₹2,799"
299,FITBIT Versa 2 Smartwatch,"₹12,999"
300,MECKWELL Bluetooth headset with Touch SmartWatch Smartwatch,"₹1,149"
301,iSmart Smart DZ09 Bluetooth Smartwatch Smartwatch,₹849
302,Mi-Xai T55 Max Plus Mega SmartWatch Smartwatch,"₹1,399"
303,TAGG Verve Active Smartwatch,"₹1,899"
304,Mate4g Smart Calling Mobile Smartwatch,₹999
305,JK ERFINDERS 4G Notifier Health Fitness A1 Smartwatch,₹899
306,TAGG Verve Active Smartwatch,"₹2,474"
307,TAGG Verve Active Smartwatch,"₹2,258"
308,TAGG Verve Active Smartwatch,"₹2,460"
309,Revex NEW STYLISH TRENDY LOOK WATERPROOF LED Smartwatch,₹249
310,V&T T500 Smart Watch Smartwatch,"₹1,289"
311,keeva SMARTWATCH WITH CAMERA AND SIM SUPPORT Smartwatch,"₹1,139"
312,e-can T55 Smartwatch,₹999
313,Abois ID116 Smartwatch,₹498
314,NKKL Smartwatch 0138 Watch Series 7 BT Calling Smartwatch,"₹1,599"
315,NKKL Wallpaper Call Men Smart 55Smart Watch Smartwatch,"₹1,599"
316,Attrrix ID116 Smartwatch,₹439
317,Stybits ID116 Plus Bluetooth Smart Fitness Band Smartwatch,₹499
318,Elite T55 Series 5 Dual Belt Smartwatch,₹945
319,Stealodeal A1 phone Smartwatch,₹949
320,MOBILE FIT A9(silver)_sv.15 phone Smartwatch,₹899
321,Pebble Cosmos Pro Smartwatch,"₹3,607"
322,E-LIVE DZ09 4g calling health notifier Smartwatch,₹869
323,EXTRONICA EXTROFIT HALO Full Touch 1.69'' with BT Calling Smartwatch,"₹3,999"
324,M-Technologies SMART WATCH Smartwatch,₹998
325,MLN T500+ PLUS PRO BT Calling Function Smartwatch,"₹1,899"
326,TXOR Storm M5 35mm Screen Black Smartwatch,₹699
327,CrossBeats IGNITE S3-Bluetooth Calling Smartwatch,"₹3,799"
328,"CrossBeats IGNITE S3-Bluetooth Calling, 1.7"" HD Display Watch Smartwatch","₹3,999"
329,FOSSIL Gen 5 Carlyle HR Smartwatch,"₹18,495"
330,XITARA Camera 4G Watch For all smartphones Smartwatch,"₹1,099"
331,WONDERWORLD ®Dz09 All in 1 Unlocked Watch Cell Phone Smartwatch,₹829
332,HIFY Bluetooth Camera Phone Smartwatch,"₹1,099"
333,CrossBeats ORBIT-Bluetooth Calling Smartwatch,"₹3,599"
334,M A N D A V I Y A LED-SQ Watch - For Boys & Girls Smartwatch,₹199
335,Cyxus 4G A1 Silver 4G Calling Bluetooth Smartwatch,₹999
336,CYXUS 4G Camera and Sim Card Support watch Smartwatch,₹998
337,AVIKA Camera 4G Watch For all smartphones Smartwatch,₹899
338,XITARA BLUETOOTH AND CALLING (black) Smartwatch,₹925
339,Cyxus 4G M.I Android Smart Watch With Bluetooth Connectivity Smartwatch,₹995
340,FITBIT Versa 2 Smartwatch,"₹12,999"
341,Fire-Boltt Max 1.78 inch AMOLED Smartwatch,"₹4,499"
342,LOIS CARON SW-011 TECHNOZPRO WITH CALLING UNISEX Smartwatch,"₹2,999"
343,Fire-Boltt Max 1.78 inch AMOLED Smartwatch,"₹12,569"
344,REEPUD Smart Watch with Camera & Sim slot Smartwatch,"₹1,149"
345,Gazzet 4G 4G Camera and Sim Card Support watch Smartwatch,₹939
346,Lastpoint Smart Health Tracker Watch with Sim Slot Smartwatch,₹990
347,Firpro dual belt t55 pro Smartwatch,₹929
348,NKKL Touchscreen 240 Android Smartwatch Sim And Memory Card Supported Value Of Money Smartwatch,"₹1,499"
349,VIKYUVI VikFIT Gear Pro SpO2 Full Touch Display Smartwatch,"₹3,299"
350,e-can M4 Smart wrist band with blue tooth Smartwatch,₹384
351,VIKYUVI VikFIT Gear Pro SpO2 Full Touch Display Smartwatch,"₹3,299"
352,KEMIPRO CALLING COMPATIBLE WATCH Smartwatch,₹899
353,R&P ENTERRISES ID116 Smartwatch,₹494
354,Time Up 2021 New Design Display LED Watch Smartwatch,₹298
355,CHG Smart watch ID16_PAR Men Smartwatch,₹579
356,Noise ColorFit Caliber Smartwatch,"₹2,699"
357,Gazzet 4G 4G Camera and Sim Card Support watch Smartwatch,₹999
358,AMAZICA BLUE HEART DIGITAL WATCH FOR NEW GENERATION KIDS Smartwatch,₹169
359,Cyxus 4G Smart Calling Android Watch for op.po Smartwatch,₹995
360,Fitpro FT-55 WATCHPHONE WITH CALLING WHATSAPP AND FACEBOOK 44MM DISPLAY BLACK COLOR Smartwatch,₹969
361,RAJVEER T55 Smartwatch,"₹1,049"
362,AeoFit Konnect Pro Bluetooth Calling Smartwatch,"₹2,699"
363,PA Maxima Max Pro X5 with 1.7” HD Display & 15 Days Battery Life Smartwatch,"₹2,999"
364,Cyxus 4G Smart Calling Android Watch for op.po Smartwatch,₹995
365,JOKIN SIM WATCH Smartwatch,₹898
366,Click Trick id 116 smartwatch Smartwatch,₹499
367,Designbase ID 116 SMARTWATCCH BLACK STRAP A106 Smartwatch,₹475
368,Epresent A1 Bluetooth Smartwatch Smartwatch,₹899
369,Gazzet 4G ANDROID 4G CALLING MOBILE WATCH Smartwatch,₹938
370,Molife Sense510 MADE IN INDIA BT Calling Watch Smartwatch,"₹3,799"
371,SMART 4G T500/T500+ 5TH SERIES WATCH ANDROID Smartwatch,₹993
372,MLN T500+ PLUS PRO BT Calling Function Smartwatch,"₹1,899"
373,LINCTECH Dz09 SMART WATCH FOR BOYS & GIRLS Smartwatch,₹899
374,ROAR CEZ_204H T55 Series 5 Smart Watch Smartwatch,"₹1,349"
375,MLN T500+ PLUS PRO BT Calling Function Smartwatch,"₹1,899"
376,APPLE Apple Watch SE MYDQ2HN/A 44 mm Silver Aluminium Case with White Sport Band,"₹32,900"
377,Sekyo GPS Tracker Smart Watch for Kids Smartwatch,"₹2,348"
378,boAt Watch Xplorer O2 Smartwatch,"₹2,999"
379,Cyxus 4G Notifier Black T500 5th series watch Smartwatch,₹998
380,Amgen DZO9 Smartwatch Smartwatch,₹849
381,Pebble Cosmos Smartwatch,"₹3,999"
382,huami Amazfit GTS 2 Smartwatch,"₹12,999"
383,DWH W26 PLUS SERIES 6 BT CALLING Smartwatch,"₹1,599"
384,Stybits ID116Plus Touchscreen smart fitness band Smartwatch,₹600
385,START BUY CHY_372S V8 Smartwatch,₹999
386,FITBIT Versa 3 Smartwatch,"₹18,930"
387,keeva SMARTWATCH WITH CAMERA AND SIM SUPPORT Smartwatch,"₹1,199"
388,SMART 4G ANDROID 4G CALLING BLUETOOTH SMART WATCH Smartwatch,₹990
389,Ykarn Trades ID116 waterproof watch Smartwatch,₹498
390,FITBIT Sense Smartwatch,"₹21,499"
391,Korangas digital watch Smartwatch,₹199
392,TUVOK Calling Android mobile watch with Camera Smartwatch,₹985
393,"Sekyo Smart Watch GPS, SOS Safety for Kid's Smartwatch","₹3,189"
394,SMART 4G ANDROID 4G BLUETOOTH WATCH PHONE Smartwatch,₹990
395,"Fitpro FITPRO T-55 WATCH MOBILE CALLING (Black, White Strap, 44) Smartwatch",₹925
396,Gazzet 4G A1 Silver pedometer with Camera Smartwatch,₹919
397,Safeway DZ09 Touch camera Bluetooth Wrist sim Smartwatch,₹839
398,gazzet ANDROID 4G CALLING MOBILE SMARTWATCH Smartwatch,₹994
399,PA Maxima Max Pro X5 with 1.7” HD Display & 15 Days Battery Life Smartwatch,"₹2,999"
400,Rock A1 Silver Color Android 4G Calling Smartwatch,₹899
401,Time Up Waterproof Kids Digital LED Watch Smartwatch,₹395
402,MindsArt M.I Smart Android T500 Watch Smartwatch,₹995
403,SYARA WAP_300B D13 Smart Band Smartwatch,₹499
404,Stybits LATEST ID116 DIGITAL SMART WATCH BAND BLUETOOTH WITH HEART RATE MONITOR Smartwatch,₹799
405,BTC btc t55 pro Smartwatch,"₹1,472"
406,Stybits Stylish wristband ID116 for kids Smartwatch,₹600
407,Sunnybuy ID116 Smartwatch,₹649
408,Cyxus 4G Smart Calling Android Watch for op.po Smartwatch,₹990
409,AVIKA Gold Smartwatch With Bluetooth Smartwatch,₹999
410,Guru Ji Enterprises Intelligence Wrist Smart Band Watch Smartwatch,₹481
411,aybor calling smartwatch with bluetooth Smartwatch,"₹1,299"
412,SMART 4G Smart Calling Android Watch for op.po Smartwatch,₹990
413,Fitpro ID116 Smartwatch,₹480
414,Stealodeal T500 Bluetooth Calling Function Smartwatch,"₹1,149"
415,AMAZICA Digital Watch Black Colour Watch for New Generation Kids Combo Smartwatch,₹229
416,OFFENDER SMARTWATCHDZ09 Smartwatch,₹847
417,KEMIPRO WRIST WATCH Smartwatch,"₹1,149"
418,Bymaya ID116 smart fitness band for unisex Smartwatch,₹525
419,DIVY ENTERPRISE PACK FO 2 LED SQ WATCHES Smartwatch,₹199
420,Aroma I9Y Sporty Smartwatch Smartwatch,"₹2,024"
421,TUVOK Calling Android mobile watch with Camera Smartwatch,₹990
422,"Rock A1 Black Color, 4G Calling Smartwatch",₹889
423,Enew DZ09-BLACK Watchphone Smartwatch,₹838
424,PA Maxima Max Pro X6 Calling With Speaker and Mic Smartwatch,"₹3,999"
425,Zwero T55 Zwero Smartwatch,₹950
426,"I Kall W4 SPO2, 1.72 Inch Display wireless charger Smartwatch","₹2,999"
427,Cyxus 4G Smart Calling Android Watch for op.po Smartwatch,₹994
428,AVIKA Camera 4G Watch For all smartphones Smartwatch,₹897
429,SN QUALITY 4G Mobiles smart watch V8 Black Smartwatch,"₹1,149"
430,Stybits ID116 Smart Watch for Android iOS Phone Smartwatch,₹600
431,LOPAZ SMARTWATCH WITH CALLING AND CAMERA Smartwatch,"₹1,094"
432,"MU W26 Plus Smart Watch with Scroll working Smartwatch (White Strap, Free Size) Smartwatch","₹1,599"
433,IC PLUS FD68S Full Touch Smartwatch Smartwatch Smartwatch,₹999
434,Nehnovit Smart watch fitness tracker Smartwatch Smartwatch,₹549
435,high waves SMART WATCH t500 plus pro Smartwatch,"₹1,239"
436,SYARA WMO_276P_A1 Smart Watch Smartwatch,₹999
437,APPLE Watch Series 6 GPS M00M3HN/A 44 mm Red Aluminium Case with Product (Red) Sport Band,"₹41,900"
438,"Goqii Smart Vital Plus 1.57"" HD Full Touch Display SpO2 Heart Rate 3Month Health Coach Smartwatch","₹3,499"
439,Amgen DZ09 Premium Smartwatch Black Smartwatch,₹849
440,AYANSHENTRPRISE ID116 Smartwatch,₹499
441,HIFY Bluetooth Camera Phone Smartwatch,"₹1,099"
442,APPLE Watch Series 6 GPS MG283HN/A 40 mm Silver Aluminium Case with White Sport Band,"₹40,900"
443,Amgen 4G phone Smartwatch,₹839
444,Mars D116 Smartwatch,₹799
445,Fitpro T55 Bluetooth Smartwatch,₹975
446,APPLE Watch Series 5 GPS + Cellular MWWD2HN/A 44 mm Gold Aluminium Case with Pink Sand Sport Band,"₹52,900"
447,mavv mvv A1 - Black - 1 phone Smartwatch,₹889
448,VIKYUVI VikFIT Gear Pro SpO2 Full Touch Display Smartwatch,"₹3,299"
449,VEKIN WRIST WATCH Smartwatch,"₹1,149"
450,ST TRENDZ 4G Mobiles smart watch Smartwatch,₹899
451,VILEN Series 6 Watch apple Compatable K16 Smartwatch,"₹2,600"
452,"NKL Series-5 Po, Calling Fitness Smartwatch Smartwatch","₹1,499"
453,AYANSHENTRPRISE ID116 Smartwatch,₹499
454,isa creators LED SMARTWATCH Smartwatch,₹139
455,TECHEL 52_FITNESS SMART WATCH FOR MEN AND BOYS Smartwatch,₹488
456,PA Maxima Max Pro X6 Calling With Speaker and Mic Smartwatch,"₹3,999"
457,THE MOBILE POINT T500+Pro Series 6 Bluetooth calling Function With Fitness Activity tracker Smartwatch,"₹1,837"
458,Moojlo SmartWatch Sport for Boys & Girls With Bluetooth Call Smartwatch,"₹2,499"
459,Unix SS3 Smartwatch,"₹3,299"
460,samipna smart calling phone with bluetooth Smartwatch,"₹1,299"
461,Garwin A 1 Smart watch Smartwatch,₹999
462,Mate4g SLVR_A_1 Notifier Health Smartwatch,₹987
463,EWELL 4G touchscreen compatible all Xio_mi pho Smartwatch,"₹1,269"
464,SKYWISH Y68 Black Smart Band 35mm Screen Smartwatch,₹698
465,ZEBRONICS Zeb-Fit1220CH Smartwatch,"₹3,499"
466,AMAZICA GREEN HEART DIGITAL WATCH FOR NEW GENERATION KIDS Smartwatch,₹169
467,Noise ColorFit Pro 3 Smartwatch,"₹5,999"
468,Bygaura Latest ID116 wrist fit Watch Smartwatch,₹499
469,DWH T500 PLUS SERIES 7 BT CALLING Smartwatch,"₹1,499"
470,GARMIN Forerunner 45 Smartwatch,"₹14,990"
471,TechKing DZ09 SimCard Camera and Pedometer Unisex Smartwatch,₹997
472,GUGGU NAA_213K T500 Series 5 Smart Watch Smartwatch,"₹1,349"
473,Fitpro T55 Smartwatch,₹990
474,Stybits ID116 water proof watch Smartwatch,₹600
475,AYANSHENTRPRISE ID115 Smartwatch,₹500
476,SYARA CMZ_276P T500 Series 5 Smart Watch Smartwatch,"₹1,349"
477,ZEYNEP ID-116 Fitness Frequency Monitor Band Smartwatch,₹444
478,APPLE Watch Series 6 GPS + Cellular M06M3HN/A 40 mm Silver Aluminium Case with White Sport Band,"₹49,900"
479,SINOK ID116 Smartwatch,₹499
480,APPLE Watch Series 6 GPS + Cellular M06M3HN/A 40 mm Silver Aluminium Case with White Sport Band,"₹49,900"
481,SINOK ID116 Smartwatch,₹499
482,MindsArt M.I Android T500 Black With Bluetooth Connectivity Smartwatch,₹995
483,"Fitex Round Smartwatch, Smart bracelet With Fitness Tracker Smartwatch",₹749
484,Stybits m4 Smart Watches Smartwatch,₹699
485,Pebble Aspire Smartwatch,"₹3,999"
486,Bygaura ID116 new Smart Watch band Smartwatch,₹496
487,Stybits id116 Series 5 Smart Watch Smartwatch,₹600
488,huami Amazfit GTR 42 mm Smartwatch,"₹9,999"
489,huami Amazfit GTR 42 mm Smartwatch,"₹8,999"
490,RapidFox t500 series 7 Bluetooth Calling Function Smartwatch Black Smartwatch,"₹1,099"
491,CrossBeats IGNITE Smartwatch,"₹2,499"
492,TECHEL ID116 Fitness Band Tracker Watch with Activity Tracker Color Display 1.3 RT66 Smartwatch,₹489
493,"CrossBeats IGNITE PRO- SpO2, Multiple tracking Smartwatch","₹2,999"
494,STROMBUCKS Smartwatch Black Strap Regular Smartwatch,₹996
495,LINCTECH SIM/TF CARD SUPPORTABLE BLUETOOTH WATCH Smartwatch,₹899
496,SMART 4G SMART ANDROID 4G CALLING MOBILE WATCH Smartwatch,₹990
497,Pepkoala ID116 Smartwatch,₹533
498,Fitpro Bluetooth calling (Original) Smartwatch,₹999
499,"Anetly i7 Pro Max Smart Watch Series 7 For Men & Women (BLACK, Free Size) Smartwatch","₹1,399"
500,APPLE Watch Series 6 GPS + Cellular M06T3HN/A 40 mm Silver Stainless Steel Case with White Sport Band,"₹69,900"
501,"CrossBeats IGNITE S3- Bluetooth Calling, 1.7"" HD Display watch Smartwatch","₹3,799"
502,Nehnovit FXU_105A_M3 Fitness band Smartwatch,₹449
503,Raysx 4G ANDROID CALLING BLUETOOTH WATCH Smartwatch,"₹1,299"
504,Fitpro dual belt full size display silver T55 Smartwatch,₹949
505,Cartbae T55+ Series 6 Smartwatch,"₹1,099"
506,TXOR BLACKOUT T55 Smartwatch,"₹1,499"
507,TECHEL ID-116 SMART BLACK WATCH BLUETOOTH Smartwatch,₹488
508,AVIKA Dz09 SMART WATCH FOR BOYS & GIRLS Smartwatch,₹899
509,APPLE Watch Series 6 GPS M00A3HN/A 40 mm Red Aluminium Case with Product (Red) Sport Band,"₹40,900"
510,OSR Traders CHILD Square Dial Led Lights Digital Watch Smartwatch,₹249
511,PA Maxima Max Pro X6 Calling with Speaker and Mic Smartwatch,"₹3,999"
512,Stybits ID116 SMARTWATCH FOR BOYS Smartwatch,₹499
513,APPLE Watch Series 5 GPS MWV62HN/A 40 mm Silver Aluminium Case with White Sport Band,"₹40,900"
514,Kwitech Kwth-A1-Blck phone Smartwatch,₹899
515,Ykarn Trades 59S id116 Series 5 Smart Watch Smartwatch,₹496
516,"KEMIPRO Smart Watch Accessories with Camera, Touch Screen, Sim Card & SD Card Support Smartwatch",₹899
517,"MindsArt Black A1 4G Watch Mobile, with pedometer Smartwatch",₹998
518,RAJVEER W26 SERIES 6 WITH CALLING FUNCTION Smartwatch,"₹1,698"
519,Chromon id 116 Smartwatch heartBeat Moniter Smartwatch,₹509
520,Crowdpex 116 Smart Watch Fitness Band Smartwatch,₹549
521,gazzet Mobile Android Watch With whatsapp Smartwatch,₹990
522,GARMIN Venu Sq Smartwatch,"₹16,990"
523,huami Amazfit Pace Smartwatch,"₹9,999"
524,Ajmeri Enterprises WildFire Bluetooth Calling Smartwatch with Heart Rate & ECG Monitor Smartwatch,"₹2,495"
525,DWH T500 Bluetooth calling Smartwatch Smartwatch,"₹1,010"
526,Fitpro FD68s Round sports Touch Screen Smart watches Smartwatch,₹749
527,Nikroad ID116 Plus Bluetooth Fitness Smart Watch Smartwatch,₹559
528,THE MOBILE POINT A1 SmartWatch with calling function(Jio Sim Not Support) Smartwatch,"₹1,348"
529,Krondal Storm Y68 35mm Screen Black Smartwatch,₹699
530,aybor A1 smart calling watch with bluetooth Smartwatch,"₹1,172"
531,high waves Waterproof Watch T500 Smartwatch,"₹1,150"
532,"Graceful Mobile watch - Camera,Calling &Bluetooth Smartwatch",₹949
533,GOOSPREY GPY-A1-10 phone Smartwatch,₹899
534,OSR Traders T500 PLUS SERIES 6 BLUETOOTH WATERPROOF Smartwatch,"₹1,799"
535,Fitpro T-500 smart calling and fitness watch 44mm clack strap free size Smartwatch,₹895
536,Medulla MD A1-305 phone Smartwatch,₹899
537,DigiClues QT116 Smart Watch Smartwatch,₹499
538,YOMAGIC T500 PLUS PRO BT CALLING FUNCTION Smartwatch,"₹1,099"
539,Goqii Vital 3.0 Body Temperature Smartwatch,"₹1,499"
540,J jaddu T55 Smartwatch,₹940
541,AeoFit Konnect Pro Bluetooth Calling Smartwatch,"₹2,699"
542,Fitpro Bluetooth Fitness Smart Watch Smartwatch,₹487
543,IMMUTABLE 80 _FITNESS WATCH NEW 2021 Smartwatch,₹457
544,IC PLUS ID116 Wireless Bluetooth Smartwatch Smartwatch,₹688
545,Fitpro dual belt rose gold t55 Smartwatch,₹999
546,Amgen A1 Phone Smartwatch 10000 Smartwatch,₹880
547,Wifton ™T55 Plus Smart Watch Smartwatch,"₹1,899"
548,GUGGU VEA_147O M3 Smart Band Smartwatch,₹499
549,RISHABH ENTERPRISES A1 CALLING Smartwatch,₹739
550,Krondal Storm Black Series 7 T200 PLUS SPO2 PO2 & BT Calling 44mm Smartwatch,"₹1,999"
551,STUBBORN DZ09 Smartwatch,₹838
552,Ajmeri Enterprises Xtreme Smartwatch Bluetooth Calling function with health tracking Smartwatch,"₹1,800"
553,skyshot ss 2 Smartwatch,₹248
554,HEALTHIN HIN02-GD phone Smartwatch,₹849
555,Fitpro T500 Bluetooth Calling Function Smartwatch,"₹1,049"
556,CHG Bluetoth Wireless Smart Watch Smartwatch,₹599
557,"Anetly M26 PLUS SMART WATCH FOR MEN & WOMEN (colour-Black, Size Free) Smartwatch","₹1,799"
558,"sestore.in HW16 Split Screen,Custom face, 385x320P Smartwatch","₹2,706"
559,APPLE Watch Series 6 GPS + Cellular M06R3HN/A 40 mm Red Aluminium Case With Product (Red) Sport Band,"₹49,900"
560,"EWELL 4G touchscreen,Sim,SD card all smart ph Smartwatch","₹1,199"
561,Clairbell BCB_420X ID115 Smart Band Smartwatch,₹499
562,French Connection Touch screen smartwatch with HRM Smartwatch,"₹3,725"
563,Fitpro T500 smart WhatsApp and Facebook watch with 44mm display black strap free size Smartwatch,₹899
564,ENMORA ID-116 SMART BLACK WATCH BLUETOOTH Smartwatch,₹485
565,Fitpro I7 PRO MAX SMART WATCH 1.65 INCH DISPLAY MULTY COLOUR Smartwatch,"₹1,399"
566,Fitpro T55 Bluetooth Smartwatch,₹955
567,SMOONI Smooni Y68 BEST SMART BAND WITH Noise Color Fit Pulse SpO2 Smartwatch,₹699
568,Relate DZ09 Smartwatch,₹838
569,Zwero W26Pluse Series 6-44mm Full Screen Smartwatch,"₹1,699"
570,Kizzy Full Display W26 SmartWatch Smartwatch,"₹1,579"
571,Rock A1 Black Color 4G Calling Android Smartwatch,₹899
572,LOPAZ DZ PHONE WATCH Smartwatch,₹899
573,Nk choudhary 4G Mobiles smart watch V8 Black Smartwatch,"₹1,199"
574,START BUY QAB_219M M3 Smart Band Smartwatch,₹490
575,Revex Analog Waterproof Watch For Boys And Girls Smartwatch,₹279
